yyyy,mm,tmax degC,tmin degC,af days,rain mm,sun hours,tmax degF,tmin degF,monthly total precip,monthly total snowfall
1948,1,,,,,,45,0,4.74,15.3
1948,2,,,,,,59,6,2.52,13.6
1948,3,,,,,,74,9,3.51,4.8
1948,4,,,,,,75,32,3.26,0
1948,5,,,,,,87,45,7.58,0
1948,6,,,,,,92,52,5.52,0
1948,7,,,,,,94,59,4.51,0
1948,8,,,,,,103,62,2.99,0
1948,9,,,,,,89,49,1.28,0
1948,10,,,,,,80,36,1.51,0
1948,11,,,,,,74,33,3.17,T
1948,12,,,,,,58,10,6.28,25.3
1949,1,,,,,,61,20,6.04,1.8
1949,2,,,,,,73,17,3.58,10.7
1949,3,,,,,,75,18,1.66,4.2
1949,4,,,,,,79,36,4.42,0
1949,5,,,,,,92,45,3.41,0
1949,6,,,,,,96,52,0.02,0
1949,7,,,,,,102,62,4.21,0
1949,8,,,,,,100,55,4.29,0
1949,9,,,,,,87,48,3.43,0
1949,10,,,,,,88,42,1.92,0
1949,11,,,,,,74,23,0.96,0.5
1949,12,,,,,,63,21,2.28,1.3
1950,1,,,,,,72,16,2.26,0.4
1950,2,,,,,,51,6,4.44,8.5
1950,3,,,,,,67,11,2.73,1.4
1950,4,,,,,,76,26,1.66,1.9
1950,5,,,,,,82,40,2.66,0
1950,6,,,,,,95,48,2.18,0
1950,7,,,,,,94,60,4.24,0
1950,8,,,,,,88,57,4.97,0
1950,9,,,,,,87,41,1.48,0
1950,10,,,,,,86,38,1.71,0
1950,11,,,,,,84,28,4.24,T
1950,12,,,,,,60,9,4.32,3.8
1951,1,,,,,,64,11,3.31,0.9
1951,2,,,,,,64,11,3.05,1.9
1951,3,,,,,,62,24,5.62,2.7
1951,4,,,,,,84,37,2.44,0
1951,5,,,,,,90,45,4.93,0
1951,6,,,,,,89,51,2.97,0
1951,7,,,,,,94,61,3.67,T
1951,8,,,,,,91,56,2.53,0
1951,9,,,,,,85,41,0.7,0
1951,10,,,,,,84,42,3.77,0
1951,11,,,,,,68,22,6.49,T
1951,12,,,,,,64,8,4.28,3.3
1952,1,,,,,,60,8,4.55,6.2
1952,2,,,,,,51,17,1.38,2.8
1952,3,,,,,,64,23,4,7.4
1952,4,,,,,,82,34,5.1,0
1952,5,,,,,,83,43,4.78,0
1952,6,,,,,,100,58,3.64,0
1952,7,,,,,,97,62,3.32,0
1952,8,,,,,,90,54,4.63,0
1952,9,,,,,,94,52,2.05,0
1952,10,,,,,,80,33,0.94,0.5
1952,11,,,,,,73,28,3.05,1.7
1952,12,,,,,,59,12,4.12,7.5
1953,1,,,,,,57,21,4.9,4.1
1953,2,,,,,,67,14,2.37,0.4
1953,3,,,,,,67,18,8.76,0.9
1953,4,,,,,,77,35,5.2,T
1953,5,,,,,,90,44,4.35,0
1953,6,,,,,,97,51,1.82,0
1953,7,,,,,,101,57,3.86,0
1953,8,,,,,,100,59,2.1,0
1953,9,,,,,,102,49,1.1,0
1953,10,,,,,,82,40,4.3,0
1953,11,,,,,,73,30,2.02,2.2
1953,12,,,,,,63,15,4.42,T
1954,1,,,,,,56,7,1.65,12.7
1954,2,,,,,,71,11,1.81,0.5
1954,3,,,,,,68,22,3.25,0.1
1954,4,,,,,,78,23,2.7,0.3
1954,5,,,,,,85,42,3.1,0
1954,6,,,,,,92,54,1.32,0
1954,7,,,,,,100,60,0.96,0
1954,8,,,,,,92,58,6.09,0
1954,9,,,,,,88,49,4.75,0
1954,10,,,,,,87,38,1.99,0
1954,11,,,,,,64,32,4.93,T
1954,12,,,,,,61,16,3.03,0.1
1955,1,,,,,,50,13,0.77,2.6
1955,2,,,,,,61,0,3.01,5.2
1955,3,,,,,,71,19,3.71,3.6
1955,4,,,,,,84,33,1.97,0
1955,5,,,,,,90,41,2.64,0
1955,6,,,,,,88,51,2.52,0
1955,7,,,,,,100,65,0.51,0
1955,8,,,,,,100,61,10.86,0
1955,9,,,,,,83,50,2.67,0
1955,10,,,,,,83,41,6.87,0
1955,11,,,,,,68,16,4.12,1
1955,12,,,,,,53,5,0.25,3.3
1956,1,,,,,,48,14,1.54,1.2
1956,2,,,,,,59,14,4.18,2.7
1956,3,,,,,,63,18,5.03,21.1
1956,4,,,,,,84,33,2.78,4.2
1956,5,,,,,,89,38,2.2,T
1956,6,,,,,,99,53,2.99,0
1956,7,,,,,,93,57,3.13,0
1956,8,,,,,,93,58,2.56,0
1956,9,,,,,,87,41,2.32,0
1956,10,,,,,,84,38,3.61,0
1956,11,,,,,,71,22,2.62,T
1956,12,,,,,,67,16,3.29,0.9
1957,1,,,,,,60,0,1.7,8.9
1957,2,,,,,,60,18,2.43,7
1957,3,,,,,,69,24,1.99,2.6
1957,4,,,,,,85,33,4.51,2.5
1957,5,,,,,,87,39,3.67,0
1957,6,,,,,,96,51,1.85,0
1957,7,,,,,,101,58,1.47,0
1957,8,,,,,,95,57,2.87,0
1957,9,,,,,,91,41,3.01,0
1957,10,,,,,,79,35,3.27,0
1957,11,,,,,,66,28,4.46,T
1957,12,,,,,,59,18,5.26,8.7
1958,1,,,,,,53,12,3.79,9.2
1958,2,,,,,,49,3,2.98,10.7
1958,3,,,,,,57,27,3.19,15.9
1958,4,,,,,,78,29,6.14,0.2
1958,5,,,,,,82,42,3.25,0
1958,6,,,,,,89,49,2.55,0
1958,7,,,,,,93,63,3.68,0
1958,8,,,,,,91,58,2.36,0
1958,9,,,,,,89,46,4.44,0
1958,10,,,,,,83,39,5.46,0
1958,11,,,,,,65,18,1.85,T
1958,12,,,,,,55,12,1.25,3.8
1959,1,,,,,,61,14,2.34,1.5
1959,2,,,,,,52,7,1.69,0.4
1959,3,,,,,,71,20,3.77,6.7
1959,4,,,,,,83,34,1.91,0.6
1959,5,,,,,,94,43,1.33,0
1959,6,,,,,,97,53,4.2,0
1959,7,,,,,,90,62,4.28,0
1959,8,,,,,,94,61,4.45,0
1959,9,,,,,,93,46,1.11,0
1959,10,,,,,,88,36,4.83,0
1959,11,,,,,,73,21,4.22,0.5
1959,12,,,,,,57,9,4.64,15.8
1960,1,,,,,,54,17,2.4,2.5
1960,2,,,,,,65,18,4.43,1.9
1960,3,,,,,,70,14,2.96,18.5
1960,4,,,,,,87,35,3.05,0
1960,5,,,,,,82,42,2.97,0
1960,6,,,,,,89,55,1.74,0
1960,7,,,,,,91,60,8.29,0
1960,8,,,,,,91,58,6.26,0
1960,9,,,,,,90,54,5.38,0
1960,10,,,,,,82,38,2.82,T
1960,11,,,,,,69,30,3.05,0
1960,12,,,,,,64,8,3.04,18.6
1961,1,,,,,,55,5,1.88,16.7
1961,2,,,,,,65,-2,3.96,18.2
1961,3,,,,,,73,18,4.23,1.2
1961,4,,,,,,82,34,5.08,T
1961,5,,,,,,85,41,3.6,0
1961,6,,,,,,96,53,2.86,0
1961,7,,,,,,97,62,4.92,0
1961,8,,,,,,93,57,3.13,0
1961,9,,,,,,95,49,1.7,0
1961,10,,,,,,84,40,2.21,0
1961,11,,,,,,78,30,2.71,T
1961,12,,,,,,58,14,3.04,7.7
1962,1,,,,,,56,11,2.62,0.6
1962,2,,,,,,56,4,3.74,9.6
1962,3,,,,,,79,11,2.97,0.2
1962,4,,,,,,91,34,3,T
1962,5,,,,,,99,42,1.26,0
1962,6,,,,,,93,53,3.73,0
1962,7,,,,,,96,57,1.67,0
1962,8,,,,,,91,56,5.71,0
1962,9,,,,,,88,42,3.1,0
1962,10,,,,,,85,34,3.15,T
1962,11,,,,,,62,28,3.94,T
1962,12,,,,,,68,4,2.26,4.5
1963,1,,,,,,51,4,1.93,5.3
1963,2,,,,,,51,-2,2.55,3.7
1963,3,,,,,,79,26,3.61,2.8
1963,4,,,,,,81,34,1.27,T
1963,5,,,,,,86,38,2.16,0
1963,6,,,,,,96,54,2.72,0
1963,7,,,,,,98,54,2.19,0
1963,8,,,,,,88,53,3.21,0
1963,9,,,,,,87,40,3.95,0
1963,10,,,,,,83,38,0.14,0
1963,11,,,,,,69,34,8.24,T
1963,12,,,,,,55,11,2.31,11.3
1964,1,,,,,,55,9,4.62,13.3
1964,2,,,,,,52,19,2.93,14.1
1964,3,,,,,,75,22,2.57,6
1964,4,,,,,,86,28,5.09,T
1964,5,,,,,,94,43,0.57,0
1964,6,,,,,,99,51,2.67,0
1964,7,,,,,,99,61,4.17,0
1964,8,,,,,,92,54,0.24,0
1964,9,,,,,,92,48,1.69,0
1964,10,,,,,,78,33,1.73,0
1964,11,,,,,,71,24,2.55,0
1964,12,,,,,,60,17,4.16,3.1
1965,1,,,,,,55,9,3.09,14.8
1965,2,,,,,,61,13,3.66,2.5
1965,3,,,,,,61,21,2.49,2.8
1965,4,,,,,,80,29,2.9,1.2
1965,5,,,,,,94,46,1.58,0
1965,6,,,,,,95,52,1.27,0
1965,7,,,,,,93,58,1.33,0
1965,8,,,,,,91,50,2.73,0
1965,9,,,,,,92,44,1.7,0
1965,10,,,,,,81,32,2.16,T
1965,11,,,,,,71,31,1.46,0
1965,12,,,,,,63,18,1.72,T
1966,1,,,,,,62,8,2.63,11.6
1966,2,,,,,,58,8,4.96,9.8
1966,3,,,,,,67,24,0.94,T
1966,4,,,,,,73,34,2.69,0
1966,5,,,,,,85,36,4.26,0
1966,6,,,,,,101,52,1.17,0
1966,7,,,,,,103,61,1.25,0
1966,8,,,,,,94,61,1.89,0
1966,9,,,,,,91,46,8.82,0
1966,10,,,,,,79,34,4.64,0
1966,11,,,,,,70,29,3.47,0
1966,12,,,,,,66,14,3.18,9.1
1967,1,,,,,,68,13,1.39,1.4
1967,2,,,,,,60,4,2.68,23.6
1967,3,,,,,,72,8,5.97,17.4
1967,4,,,,,,81,29,3.45,T
1967,5,,,,,,81,39,4.08,0
1967,6,,,,,,96,48,4.64,0
1967,7,,,,,,90,60,6.99,0
1967,8,,,,,,90,58,5.94,0
1967,9,,,,,,87,45,1.84,0
1967,10,,,,,,86,35,3.47,0
1967,11,,,,,,65,20,2.59,3.2
1967,12,,,,,,62,20,6.08,5.5
1968,1,,,,,,50,-1,2.04,3.6
1968,2,,,,,,49,5,1.13,1.1
1968,3,,,,,,76,15,4.79,6.1
1968,4,,,,,,82,32,2.82,0
1968,5,,,,,,80,42,7.06,0
1968,6,,,,,,94,53,6.15,0
1968,7,,,,,,98,60,2.63,0
1968,8,,,,,,94,57,2.88,0
1968,9,,,,,,87,53,1.97,0
1968,10,,,,,,85,36,2.2,0
1968,11,,,,,,77,32,5.75,T
1968,12,,,,,,60,9,4.15,7
1969,1,,,,,,48,11,1.1,1
1969,2,,,,,,44,17,3.05,16.6
1969,3,,,,,,70,19,3.73,5.6
1969,4,,,,,,86,29,3.99,0
1969,5,,,,,,97,47,2.67,0
1969,6,,,,,,96,55,3.16,0
1969,7,,,,,,96,60,7.37,0
1969,8,,,,,,94,58,2.53,0
1969,9,,,,,,93,51,8.32,0
1969,10,,,,,,80,31,1.97,0
1969,11,,,,,,67,26,3.58,T
1969,12,,,,,,60,14,7.07,6.8
1970,1,,,,,,51,3,0.66,8.4
1970,2,,,,,,57,9,4.52,6.4
1970,3,,,,,,56,20,4.18,4
1970,4,,,,,,82,31,3.48,T
1970,5,,,,,,93,38,3.34,0
1970,6,,,,,,91,57,2.27,0
1970,7,,,,,,94,65,2.19,0
1970,8,,,,,,94,62,2.47,0
1970,9,,,,,,94,47,1.74,0
1970,10,,,,,,80,36,2.48,0
1970,11,,,,,,67,21,5.14,0
1970,12,,,,,,66,17,2.82,2.4
1971,1,,,,,,46,4,2.67,11.4
1971,2,,,,,,66,6,5.33,T
1971,3,,,,,,69,26,3.8,1.3
1971,4,,,,,,76,33,2.95,0.4
1971,5,,,,,,85,45,4.24,0
1971,6,,,,,,93,55,2.31,0
1971,7,,,,,,96,64,7.2,0
1971,8,,,,,,92,55,9.37,0
1971,9,,,,,,91,49,7.36,0
1971,10,,,,,,78,45,4.14,0
1971,11,,,,,,75,26,5.64,T
1971,12,,,,,,63,20,1.76,T
1972,1,,,,,,62,5,2.41,2.8
1972,2,,,,,,62,9,5.9,17.8
1972,3,,,,,,73,17,4.55,2.3
1972,4,,,,,,86,26,3.92,T
1972,5,,,,,,86,45,8.39,0
1972,6,,,,,,86,46,9.3,0
1972,7,,,,,,94,56,4.54,0
1972,8,,,,,,94,57,1.92,0
1972,9,,,,,,92,50,1.33,0
1972,10,,,,,,74,32,6.27,T
1972,11,,,,,,68,21,12.41,T
1972,12,,,,,,61,19,6.09,T
1973,1,,,,,,66,10,4.53,1.8
1973,2,,,,,,58,7,4.55,0.8
1973,3,,,,,,66,30,3.6,0.2
1973,4,,,,,,86,33,8.05,T
1973,5,,,,,,82,41,4.51,0
1973,6,,,,,,95,58,4.55,0
1973,7,,,,,,94,58,5.89,0
1973,8,,,,,,98,59,3.08,0
1973,9,,,,,,96,47,2.75,0
1973,10,,,,,,82,41,3.92,0
1973,11,,,,,,77,30,1.82,0
1973,12,,,,,,66,17,9.98,2.8
1974,1,,,,,,66,6,3.8,7.8
1974,2,,,,,,62,11,1.49,9.4
1974,3,,,,,,70,20,5.76,3.2
1974,4,,,,,,89,28,3.83,0.3
1974,5,,,,,,92,40,4.29,0
1974,6,,,,,,95,52,3.29,0
1974,7,,,,,,95,59,1.33,0
1974,8,,,,,,92,59,5.99,0
1974,9,,,,,,88,43,8.05,0
1974,10,,,,,,77,31,2.59,0
1974,11,,,,,,81,26,0.94,0.1
1974,12,,,,,,56,26,6.33,0.1
1975,1,,,,,,63,15,4.76,2
1975,2,,,,,,58,16,3.33,10.6
1975,3,,,,,,64,16,3.32,0.3
1975,4,,,,,,74,27,3.04,T
1975,5,,,,,,93,45,3.38,0
1975,6,,,,,,93,53,7.58,0
1975,7,,,,,,93,58,11.77,0
1975,8,,,,,,98,57,3.05,0
1975,9,,,,,,81,46,9.32,0
1975,10,,,,,,83,31,3.7,0
1975,11,,,,,,78,34,4.33,T
1975,12,,,,,,61,16,3.63,2.3
1976,1,,,,,,56,-1,5.78,5.6
1976,2,,,,,,70,10,3.13,5
1976,3,,,,,,72,19,2.99,4.4
1976,4,,,,,,96,25,2.8,T
1976,5,,,,,,83,38,4.77,0
1976,6,,,,,,92,50,2.78,0
1976,7,,,,,,90,58,1.42,0
1976,8,,,,,,94,50,6.52,0
1976,9,,,,,,89,47,3.15,0
1976,10,,,,,,73,29,5.31,0
1976,11,,,,,,61,17,0.34,T
1976,12,,,,,,55,9,2.29,5.1
1977,1,,,,,,44,-2,2.25,13
1977,2,,,,,,58,8,2.51,5.8
1977,3,,,,,,81,24,7.41,0.6
1977,4,,,,,,90,25,3.75,T
1977,5,,,,,,92,36,1.71,T
1977,6,,,,,,88,50,3.83,0
1977,7,,,,,,104,58,1.6,0
1977,8,,,,,,93,57,4.57,0
1977,9,,,,,,94,52,4.75,0
1977,10,,,,,,70,40,5.03,0
1977,11,,,,,,65,29,12.26,0.2
1977,12,,,,,,56,13,5.06,0.4
1978,1,,,,,,58,12,8.27,20.3
1978,2,,,,,,41,10,1.59,23
1978,3,,,,,,65,14,2.73,6.8
1978,4,,,,,,82,31,2.38,T
1978,5,,,,,,90,38,9.15,0
1978,6,,,,,,91,51,1.69,0
1978,7,,,,,,95,58,4.48,0
1978,8,,,,,,92,60,5.5,0
1978,9,,,,,,86,45,4.06,0
1978,10,,,,,,76,36,1.5,0
1978,11,,,,,,70,24,2.85,2.2
1978,12,,,,,,67,19,5.61,0.5
1979,1,,,,,,63,8,10.52,6.6
1979,2,,,,,,57,0,4.58,20.1
1979,3,,,,,,76,20,4.4,T
1979,4,,,,,,81,32,4.04,T
1979,5,,,,,,94,45,6.23,0
1979,6,,,,,,87,48,1.56,0
1979,7,,,,,,95,53,1.76,0
1979,8,,,,,,95,56,4.27,0
1979,9,,,,,,90,45,4.83,0
1979,10,,,,,,88,36,3.87,T
1979,11,,,,,,73,29,3.38,0
1979,12,,,,,,65,20,2.69,3.5
1980,1,,,,,,60,17,1.72,2
1980,2,,,,,,57,12,1.04,2.7
1980,3,,,,,,59,10,10.41,4.6
1980,4,,,,,,76,32,8.26,T
1980,5,,,,,,90,46,2.33,0
1980,6,,,,,,94,47,3.84,0
1980,7,,,,,,102,61,5.26,0
1980,8,,,,,,97,64,1.16,0
1980,9,,,,,,96,45,1.98,0
1980,10,,,,,,79,37,3.86,0
1980,11,,,,,,71,28,4.11,T
1980,12,,,,,,64,-1,0.58,2.8
1981,1,,,,,,49,2,0.58,8
1981,2,,,,,,68,8,6.04,T
1981,3,,,,,,77,17,1.19,8.6
1981,4,,,,,,81,33,3.42,0
1981,5,,,,,,87,44,3.56,0
1981,6,,,,,,93,58,2.71,0
1981,7,,,,,,96,62,6.21,0
1981,8,,,,,,92,59,0.59,0
1981,9,,,,,,89,47,3.45,0
1981,10,,,,,,71,38,3.49,0
1981,11,,,,,,72,29,1.69,0
1981,12,,,,,,58,20,5.18,2.1
1982,1,,,,,,58,0,6.46,11.8
1982,2,,,,,,58,19,2.37,0.4
1982,3,,,,,,60,22,2.56,0.7
1982,4,,,,,,82,21,5.67,9.6
1982,5,,,,,,84,49,2.43,0
1982,6,,,,,,87,52,5.12,0
1982,7,,,,,,98,60,3.14,0
1982,8,,,,,,89,50,4.66,0
1982,9,,,,,,88,54,1.77,0
1982,10,,,,,,81,38,2.31,0
1982,11,,,,,,79,27,3.44,0
1982,12,,,,,,72,17,1.47,3
1983,1,,,,,,58,12,5.01,1.9
1983,2,,,,,,59,14,3.22,21.5
1983,3,,,,,,68,25,10.54,T
1983,4,,,,,,85,34,14.01,0.8
1983,5,,,,,,79,41,4.6,0
1983,6,,,,,,95,52,2.82,0
1983,7,,,,,,98,61,3.4,0
1983,8,,,,,,96,59,7.26,0
1983,9,,,,,,99,49,4.62,0
1983,10,,,,,,84,36,8.63,0
1983,11,,,,,,69,32,6.68,T
1983,12,,,,,,59,4,9.77,1.6
1984,1,,,,,,57,8,1.87,11.7
1984,2,,,,,,63,17,4.86,0.2
1984,3,,,,,,58,13,6.3,11.9
1984,4,,,,,,78,35,6.62,0
1984,5,,,,,,85,43,9.74,0
1984,6,,,,,,96,49,5.76,0
1984,7,,,,,,91,59,7.03,0
1984,8,,,,,,92,60,1.38,0
1984,9,,,,,,86,44,2.51,0
1984,10,,,,,,79,41,3.63,0
1984,11,,,,,,69,25,4.07,T
1984,12,,,,,,70,25,3.26,5.5
1985,1,,,,,,58,-2,1,8.4
1985,2,,,,,,75,14,2.41,10
1985,3,,,,,,82,22,1.91,0.2
1985,4,,,,,,88,28,1.41,T
1985,5,,,,,,87,43,5.72,0
1985,6,,,,,,85,55,4.41,0
1985,7,,,,,,92,61,4.41,0
1985,8,,,,,,95,62,2.58,0
1985,9,,,,,,94,49,4.75,0
1985,10,,,,,,80,36,1.3,0
1985,11,,,,,,77,33,8.09,T
1985,12,,,,,,55,15,0.83,0.9
1986,1,,,,,,63,8,4.23,2.2
1986,2,,,,,,48,18,2.86,9.9
1986,3,,,,,,78,15,1.46,T
1986,4,,,,,,82,35,3.93,T
1986,5,,,,,,94,41,1.68,0
1986,6,,,,,,91,49,1.86,0
1986,7,,,,,,98,55,5.56,0
1986,8,,,,,,89,50,4.24,0
1986,9,,,,,,89,45,2.2,0
1986,10,,,,,,84,38,1.92,0
1986,11,,,,,,73,22,6.85,T
1986,12,,,,,,59,19,6.16,0.6
1987,1,,,,,,57,8,5.81,13.6
1987,2,,,,,,52,4,1.01,7
1987,3,,,,,,76,15,4.93,1.9
1987,4,,,,,,77,31,5.9,0
1987,5,,,,,,97,43,1.45,0
1987,6,,,,,,96,56,3.94,0
1987,7,,,,,,95,60,4.12,0
1987,8,,,,,,94,56,4.89,0
1987,9,,,,,,85,49,5.25,0
1987,10,,,,,,72,37,3.89,0
1987,11,,,,,,77,18,3.08,1.1
1987,12,,,,,,60,8,2.17,2.6
1988,1,,,,,,53,5,3.64,13.9
1988,2,,,,,,62,9,3.91,1.5
1988,3,,,,,,76,17,2.1,T
1988,4,,,,,,73,35,2.2,0
1988,5,,,,,,91,44,5.27,0
1988,6,,,,,,98,50,1.29,0
1988,7,,,,,,99,53,8.14,0
1988,8,,,,,,99,56,2.19,0
1988,9,,,,,,84,49,2.34,0
1988,10,,,,,,79,31,3.56,0
1988,11,,,,,,67,32,8.9,0
1988,12,,,,,,60,5,1.13,0.3
1989,1,,,,,,61,11,2.29,5
1989,2,,,,,,67,15,3.03,0.3
1989,3,,,,,,82,13,4.93,2.5
1989,4,,,,,,77,34,4.26,0
1989,5,,,,,,86,43,10.24,0
1989,6,,,,,,92,58,8.79,0
1989,7,,,,,,96,60,5.13,0
1989,8,,,,,,94,56,8.44,0
1989,9,,,,,,94,44,6.9,0
1989,10,,,,,,77,40,7.48,0
1989,11,,,,,,70,23,2.79,4.7
1989,12,,,,,,53,6,0.83,1.4
1990,1,,,,,,66,24,5.34,1.8
1990,2,,,,,,65,7,2.33,1.8
1990,3,,,,,,85,13,3.64,3.1
1990,4,,,,,,91,33,5.12,0.6
1990,5,,,,,,83,44,9.1,0
1990,6,,,,,,89,50,2.5,0
1990,7,,,,,,95,57,3.51,T
1990,8,,,,,,93,58,12.36,0
1990,9,,,,,,89,44,2.24,0
1990,10,,,,,,84,35,6.38,0
1990,11,,,,,,78,30,2.82,0
1990,12,,,,,,66,21,5.58,7.2
1991,1,,,,,,55,10,3.38,8.4
1991,2,,,,,,70,14,1.93,9.1
1991,3,,,,,,77,24,5.16,0.2
1991,4,,,,,,90,36,3.68,0
1991,5,,,,,,93,47,3.11,0
1991,6,,,,,,97,53,4.16,0
1991,7,,,,,,102,63,4.57,0
1991,8,,,,,,94,62,7.13,0
1991,9,,,,,,93,44,3.71,0
1991,10,,,,,,80,38,2.13,0
1991,11,,,,,,74,29,1.96,T
1991,12,,,,,,66,13,4.26,0.7
1992,1,,,,,,62,11,1.68,1.5
1992,2,,,,,,64,14,1.87,1
1992,3,,,,,,64,17,4.08,9.4
1992,4,,,,,,81,31,1.76,T
1992,5,,,,,,93,40,4.02,0
1992,6,,,,,,87,52,4.77,0
1992,7,,,,,,93,59,4.49,0
1992,8,,,,,,91,57,3.49,0
1992,9,,,,,,86,44,4.89,0
1992,10,,,,,,78,34,1.16,0
1992,11,,,,,,71,29,5.64,0
1992,12,,,,,,61,17,5.5,0.4
1993,1,,,,,,64,21,3.44,1.5
1993,2,,,,,,56,7,2.81,10.7
1993,3,,,,,,68,13,6.64,11.9
1993,4,,,,,,79,35,4.28,0
1993,5,,,,,,92,46,1.56,0
1993,6,,,,,,95,51,1.49,0
1993,7,,,,,,102,65,1.7,0
1993,8,,,,,,96,60,5.41,0
1993,9,,,,,,95,44,5.25,0
1993,10,,,,,,78,38,4.55,0
1993,11,,,,,,80,25,2.2,T
1993,12,,,,,,62,10,4.95,6.9
1994,1,,,,,,55,-2,5.62,12
1994,2,,,,,,62,7,3.44,26.4
1994,3,,,,,,71,21,6.33,8.1
1994,4,,,,,,84,34,2.42,0
1994,5,,,,,,91,44,4.26,0
1994,6,,,,,,98,54,3.21,0
1994,7,,,,,,97,64,3.86,0
1994,8,,,,,,91,57,6.33,0
1994,9,,,,,,88,53,3.33,0
1994,10,,,,,,75,43,1.35,0
1994,11,,,,,,76,25,4.34,T
1994,12,,,,,,65,19,2.9,T
1995,1,,,,,,64,15,3.75,0.2
1995,2,,,,,,54,6,3.13,11.6
1995,3,,,,,,72,20,1.26,T
1995,4,,,,,,76,23,2.29,T
1995,5,,,,,,87,44,2.84,T
1995,6,,,,,,95,54,2.09,0
1995,7,,,,,,102,60,6.13,0
1995,8,,,,,,96,62,0.18,0
1995,9,,,,,,91,50,3.03,0
1995,10,,,,,,86,42,7.82,0
1995,11,,,,,,72,24,5.78,2.9
1995,12,,,,,,55,15,2.12,11.5
1996,1,,,,,,56,6,5.64,26.1
1996,2,,,,,,62,5,2.59,21.2
1996,3,,,,,,63,11,3.81,13.2
1996,4,,,,,,85,33,6.33,0.7
1996,5,,,,,,96,42,2.64,0
1996,6,,,,,,88,54,5.71,0
1996,7,,,,,,89,62,5.76,0
1996,8,,,,,,90,61,1.87,0
1996,9,,,,,,89,50,4.97,0
1996,10,,,,,,76,40,7.52,0
1996,11,,,,,,69,23,2.87,0.1
1996,12,,,,,,63,15,6.48,T
1997,1,,,,,,62,4,3.65,4.4
1997,2,,,,,,72,19,2.54,3.8
1997,3,,,,,,68,25,5.18,1.7
1997,4,,,,,,74,28,2.86,T
1997,5,,,,,,83,43,3.05,0
1997,6,,,,,,93,49,1.93,0
1997,7,,,,,,97,58,8.36,0
1997,8,,,,,,93,60,3.21,0
1997,9,,,,,,83,48,2.1,0
1997,10,,,,,,85,37,2.1,0
1997,11,,,,,,65,27,4.68,T
1997,12,,,,,,54,17,4.27,T
1998,1,,,,,,65,14,5.2,0.5
1998,2,,,,,,58,17,5.81,0
1998,3,,,,,,86,19,5.08,5
1998,4,,,,,,73,36,7.05,0
1998,5,,,,,,87,44,6.94,0
1998,6,,,,,,92,52,5.94,0
1998,7,,,,,,93,62,1.09,0
1998,8,,,,,,91,58,2.78,0
1998,9,,,,,,90,49,3.44,0
1998,10,,,,,,74,42,2.76,0
1998,11,,,,,,63,36,1.48,0
1998,12,,,,,,75,17,1.12,2
1999,1,,,,,,60,9,7.02,4.5
1999,2,,,,,,62,14,3.49,1.7
1999,3,,,,,,74,17,4.01,4.5
1999,4,,,,,,80,35,1.93,0
1999,5,,,,,,89,46,4.04,0
1999,6,,,,,,94,57,0.59,0
1999,7,,,,,,101,61,0.44,0
1999,8,,,,,,98,59,2.89,0
1999,9,,,,,,83,50,8.81,0
1999,10,,,,,,75,39,2.73,0
1999,11,,,,,,72,28,2.33,0
1999,12,,,,,,63,19,3.23,T
2000,1,,,,,,64,3,3.23,9.5
2000,2,,,,,,64,19,1.66,5.2
2000,3,,,,,,71,22,3.34,0.4
2000,4,,,,,,75,30,3.53,1.2
2000,5,,,,,,93,46,4.5,0
2000,6,,,,,,92,49,4.87,0
2000,7,,,,,,89,58,7.28,0
2000,8,,,,,,90,57,3.82,0
2000,9,,,,,,84,43,5.82,0
2000,10,,,,,,79,36,0.67,T
2000,11,,,,,,67,23,3.54,0
2000,12,,,,,,62,14,3.19,13.4
2001,1,,,,,,54,18,3.16,8.3
2001,2,,,,,,61,16,1.95,9.5
2001,3,,,,,,57,24,7.48,3.8
2001,4,,,,,,87,34,1.58,0
2001,5,,,,,,92,43,2.03,0
2001,6,,,,,,91,50,5.29,0
2001,7,,,,,,94,56,2.04,0
2001,8,,,,,,103,63,2.56,0
2001,9,,,,,,86,50,5.3,0
2001,10,,,,,,81,37,0.66,0
2001,11,,,,,,75,34,1.36,0
2001,12,,,,,,71,20,2.24,T
2002,1,,,,,,69,21,1.93,3.5
2002,2,,,,,,63,19,0.71,T
2002,3,,,,,,72,19,3.54,T
2002,4,,,,,,96,30,3.41,T
2002,5,,,,,,86,41,3.69,0
2002,6,,,,,,92,53,4.48,0
2002,7,,,,,,96,61,1.05,0
2002,8,,,,,,98,60,4.91,0
2002,9,,,,,,91,54,5.16,0
2002,10,,,,,,84,36,7.2,T
2002,11,,,,,,68,24,5.06,T
2002,12,,,,,,60,19,4.06,11
2003,1,,,,,,50,7,2.3,4.7
2003,2,,,,,,50,8,4.55,26.1
2003,3,,,,,,69,11,4.57,3.5
2003,4,,,,,,88,30,3.2,4
2003,5,,,,,,79,45,3.4,0
2003,6,,,,,,93,50,10.26,0
2003,7,,,,,,94,63,3.76,0
2003,8,,,,,,91,61,5.85,0
2003,9,,,,,,80,50,6.03,0
2003,10,,,,,,77,36,4.9,0
2003,11,,,,,,79,29,4.18,0
2003,12,,,,,,58,21,5.42,19.8
2004,1,,,,,,58,1,2.13,17.3
2004,2,,,,,,59,15,2.68,0.7
2004,3,,,,,,70,24,2.99,4.8
2004,4,,,,,,85,29,4.11,0
2004,5,,,,,,87,42,5.76,0
2004,6,,,,,,91,56,3.02,0
2004,7,,,,,,87,63,7.64,0
2004,8,,,,,,90,58,3.02,0
2004,9,,,,,,87,52,11.51,0
2004,10,,,,,,75,44,1.15,0
2004,11,,,,,,68,29,4.21,T
2004,12,,,,,,59,11,3.71,3
2005,1,,,,,,66,5,4.67,15.3
2005,2,,,,,,56,16,3.04,15.8
2005,3,,,,,,63,16,4.96,6.9
2005,4,,,,,,87,37,4.81,0
2005,5,,,,,,79,41,1.48,0
2005,6,,,,,,93,54,3.21,0
2005,7,,,,,,97,62,3.56,0
2005,8,,,,,,99,65,3.96,0
2005,9,,,,,,92,50,0.48,0
2005,10,,,,,,80,39,16.73,0
2005,11,,,,,,72,22,4.47,T
2005,12,,,,,,55,14,4.6,9.7
2006,1,,,,,,64,16,4.99,2
2006,2,,,,,,62,15,2.88,26.9
2006,3,,,,,,74,22,0.8,1.3
2006,4,,,,,,83,33,5.56,0.1
2006,5,,,,,,88,45,4.62,0
2006,6,,,,,,91,52,8.55,0
2006,7,,,,,,95,61,6.16,0
2006,8,,,,,,97,60,6.08,0
2006,9,,,,,,83,49,3.69,0
2006,10,,,,,,79,37,7.07,0
2006,11,,,,,,69,35,7.34,0
2006,12,,,,,,70,18,2.15,0
2007,1,,,,,,72,9,3.63,2.6
2007,2,,,,,,49,8,1.99,3.8
2007,3,,,,,,78,11,5.35,6
2007,4,,,,,,86,30,13.05,T
2007,5,,,,,,91,44,1.88,0
2007,6,,,,,,91,54,6.55,0
2007,7,,,,,,92,57,6.89,0
2007,8,,,,,,92,56,7.18,0
2007,9,,,,,,88,50,1.81,0
2007,10,,,,,,87,38,4.65,0
2007,11,,,,,,66,26,3.47,T
2007,12,,,,,,61,20,5.22,2.9
2008,1,,,,,,64,12,2.85,T
2008,2,,,,,,68,10,5.95,9
2008,3,,,,,,63,27,4.08,T
2008,4,,,,,,84,33,2.77,0
2008,5,,,,,,83,44,4.01,0
2008,6,,,,,,96,57,4.7,0
2008,7,,,,,,96,66,2.84,0
2008,8,,,,,,90,58,5.58,0
2008,9,,,,,,90,51,7.05,0
2008,10,,,,,,75,36,3.62,0
2008,11,,,,,,67,23,3.54,T
2008,12,,,,,,67,13,6.62,6
2009,1,,,,,,47,6,2.98,9
2009,2,,,,,,65,12,0.93,4.3
2009,3,,,,,,70,12,1.75,8.3
2009,4,,,,,,92,34,4.69,T
2009,5,,,,,,86,43,5.17,0
2009,6,,,,,,84,50,10.05,0
2009,7,,,,,,86,58,7.11,0
2009,8,,,,,,92,62,4.22,0
2009,9,,,,,,84,49,2.26,0
2009,10,,,,,,74,37,5.58,0
2009,11,,,,,,69,35,1.61,0
2009,12,,,,,,66,16,7.27,12.4
2010,1,,,,,,57,13,2.08,2.1
2010,2,,,,,,46,17,6.69,36.9
2010,3,,,,,,74,29,10.69,T
2010,4,,,,,,92,40,2.99,0
2010,5,,,,,,92,41,3.01,0
2010,6,,,,,,93,57,2.2,0
2010,7,,,,,,103,61,2.6,0
2010,8,,,,,,96,61,4.14,0
2010,9,,,,,,96,54,3.67,0
2010,10,,,,,,75,42,4.91,0
2010,11,,,,,,65,34,2.15,T
2010,12,,,,,,60,19,4.24,20.1
2011,1,,,,,,53,6,4.93,36
2011,2,,,,,,67,15,3.47,4.8
2011,3,,,,,,77,20,6.19,1
2011,4,,,,,,83,35,5.35,T
2011,5,,,,,,89,46,5.11,0
2011,6,,,,,,95,56,3.25,0
2011,7,,,,,,104,63,3.03,0
2011,8,,,,,,94,59,18.95,0
2011,9,,,,,,86,51,9.39,0
2011,10,,,,,,84,33,6.09,2.9
2011,11,,,,,,70,36,3.05,0
2011,12,,,,,,62,22,4,0
2012,1,,,,,,62,13,3.23,4.3
2012,2,,,,,,62,20,1.37,0.2
2012,3,,,,,,78,25,0.96,0
2012,4,,,,,,88,38,3.56,0
2012,5,,,,,,89,49,5.38,0
2012,6,,,,,,94,51,2.97,0
2012,7,,,,,,100,61,4.21,0
2012,8,,,,,,91,61,2.91,0
2012,9,,,,,,91,53,4.39,0
2012,10,,,,,,78,38,2.92,0
2012,11,,,,,,66,31,1.81,4.7
2012,12,,,,,,62,28,4.8,0.4
2013,1,,,,,,61,11,2.76,1.5
2013,2,,,,,,55,17,4.25,12.2
2013,3,,,,,,59,27,2.9,7.3
2013,4,,,,,,82,33,1.31,0
2013,5,,,,,,90,42,8,0
2013,6,,,,,,92,53,10.1,0
2013,7,,,,,,98,64,2.84,0
2013,8,,,,,,90,59,2.85,0
2013,9,,,,,,96,47,2.95,0
2013,10,,,,,,86,40,0.36,0
2013,11,,,,,,70,23,3.15,T
2013,12,,,,,,71,19,4.85,8.6
2014,1,,,,,,58,4,2.79,19.7
2014,2,,,,,,56,9,5.48,29
2014,3,,,,,,66,13,3.67,0.1
2014,4,,,,,,77,31,7.85,T
2014,5,,,,,,86,49,4.37,0
2014,6,,,,,,89,55,4.26,0
2014,7,,,,,,91,63,5.59,0
2014,8,,,,,,90,61,2.25,0
2014,9,,,,,,92,52,1.21,0
2014,10,,,,,,77,42,5.77,0
2014,11,,,,,,69,22,4.51,0.2
2014,12,,,,,,65,24,6.04,1
2015,1,,,,,,56,8,5.23,16.9
2015,2,,,,,,43,2,2.04,13.6
2015,3,,,,,,62,12,4.72,18.6
2015,4,,,,,,80,32,2.08,0
2015,5,,,,,,88,48,1.86,0
2015,6,,,,,,90,50,4.79,0
2015,7,,,,,,96,64,3.98,0
2015,8,,,,,,95,63,2.35,0
2015,9,,,,,,97,56,3.28,0
2015,10,,,,,,78,35,3.91,0
2015,11,,,,,,74,32,2.01,0
2015,12,,,,,,72,34,4.72,T
2016,1,,,,,,59,11,4.41,27.9
2016,2,,,,,,61,-1,4.4,4
2016,3,,,,,,79,26,1.17,0.9
2016,4,,,,,,82,26,1.61,T
2016,5,,,,,,92,43,3.75,0
2016,6,,,,,,88,52,2.6,0
2016,7,,,,,,96,63,7.02,0
2016,8,,,,,,96,61,1.97,0
2016,9,,,,,,91,54,2.79,0
2016,10,,,,,,85,38,4.15,0
2016,11,,,,,,72,34,5.41,T
2016,12,,,,,,60,17,2.89,3.2
2017,1,,,,,,66,14,4.83,7.9
2017,2,,,,,,70,19,2.48,9.4
2017,3,,,,,,70,14,5.25,9.7
2017,4,,,,,,87,37,3.84,0
2017,5,,,,,,92,44,6.38,0
2017,6,,,,,,94,51,4.76,0
2017,7,,,,,,94,62,4.19,0
2017,8,,,,,,92,60,3.34,0
2017,9,,,,,,91,54,2,0
2017,10,,,,,,83,42,4.18,0
2017,11,,,,,,74,24,1.58,T
2017,12,,,,,,61,9,2.21,7.7
2018,1,,,,,,61,5,2.18,11.2
2018,2,,,,,,78,16,5.83,4.9
2018,3,,,,,,62,27,5.17,11.6
2018,4,,,,,,82,32,5.78,5.5
2018,5,,,,,,92,48,3.53,0
2018,6,,,,,,93,51,3.11,0
2018,7,,,,,,96,62,7.45,0
2018,8,,,,,,94,65,8.59,0
2018,9,,,,,,93,54,6.19,0
2018,10,,,,,,80,38,3.59,0
2018,11,,,,,,72,15,7.62,6.4
2018,12,,,,,,61,24,6.51,T
2019,1,,,,,,59,2,3.58,1.1
2019,2,,,,,,65,11,3.14,2.6
2019,3,,,,,,75,18,3.87,10.4
2019,4,,,,,,80,33,4.55,0
2019,5,,,,,,86,42,6.82,0
2019,6,,,,,,91,54,5.46,0
2019,7,,,,,,95,65,5.77,0
2019,8,,,,,,90,61,3.7,0
2019,9,,,,,,89,52,0.95,0
2019,10,,,,,,93,43,6.15,0
2019,11,,,,,,71,23,1.95,0
2019,12,,,,,,58,16,7.09,2.5
2020,1,,,,,,69,20,1.93,2.3
2020,2,,,,,,62,14,2.54,T
2020,3,,,,,,77,25,3.78,T
2020,4,,,,,,68,36,4.49,T
2020,5,,,,,,84,34,1.65,T
2020,6,,,,,,90,51,1.76,0
2020,7,,,,,,96,67,6.58,0
2020,8,,,,,,92,62,5.03,0
2020,9,,,,,,85,48,3.94,0
2020,10,,,,,,74,32,5.05,0
2020,11,,,,,,75,30,3.99,0
2020,12,,,,,,62,20,4.61,10.5
2021,1,,,,,,51,14,2.31,2.1
2021,2,,,,,,54,17,5.13,26
2021,3,,,,,,82,21,3.41,T
2021,4,,,,,,85,28,2.69,0
2021,5,,,,,,89,42,4.36,0
2021,6,,,,,,98,55,2.62,0
2021,7,,,,,,92,59,11.09,#N/A
2021,8,,,,,,94,63,10.32,#N/A
